,user
0,"{'login': 'mroeschke', 'id': 10647082, 'node_id': 'MDQ6VXNlcjEwNjQ3MDgy', 'avatar_url': 'https://avatars.githubusercontent.com/u/10647082?v=4', 'gravatar_id': '', 'url': 'https://api.github.com/users/mroeschke', 'html_url': 'https://github.com/mroeschke', 'followers_url': 'https://api.github.com/users/mroeschke/followers', 'following_url': 'https://api.github.com/users/mroeschke/following{/other_user}', 'gists_url': 'https://api.github.com/users/mroeschke/gists{/gist_id}', 'starred_url': 'https://api.github.com/users/mroeschke/starred{/owner}{/repo}', 'subscriptions_url': 'https://api.github.com/users/mroeschke/subscriptions', 'organizations_url': 'https://api.github.com/users/mroeschke/orgs', 'repos_url': 'https://api.github.com/users/mroeschke/repos', 'events_url': 'https://api.github.com/users/mroeschke/events{/privacy}', 'received_events_url': 'https://api.github.com/users/mroeschke/received_events', 'type': 'User', 'site_admin': False}"
1,"{'login': 'jordan-d-murphy', 'id': 35613487, 'node_id': 'MDQ6VXNlcjM1NjEzNDg3', 'avatar_url': 'https://avatars.githubusercontent.com/u/35613487?v=4', 'gravatar_id': '', 'url': 'https://api.github.com/users/jordan-d-murphy', 'html_url': 'https://github.com/jordan-d-murphy', 'followers_url': 'https://api.github.com/users/jordan-d-murphy/followers', 'following_url': 'https://api.github.com/users/jordan-d-murphy/following{/other_user}', 'gists_url': 'https://api.github.com/users/jordan-d-murphy/gists{/gist_id}', 'starred_url': 'https://api.github.com/users/jordan-d-murphy/starred{/owner}{/repo}', 'subscriptions_url': 'https://api.github.com/users/jordan-d-murphy/subscriptions', 'organizations_url': 'https://api.github.com/users/jordan-d-murphy/orgs', 'repos_url': 'https://api.github.com/users/jordan-d-murphy/repos', 'events_url': 'https://api.github.com/users/jordan-d-murphy/events{/privacy}', 'received_events_url': 'https://api.github.com/users/jordan-d-murphy/received_events', 'type': 'User', 'site_admin': False}"
2,"{'login': 'noah-asing', 'id': 7989798, 'node_id': 'MDQ6VXNlcjc5ODk3OTg=', 'avatar_url': 'https://avatars.githubusercontent.com/u/7989798?v=4', 'gravatar_id': '', 'url': 'https://api.github.com/users/noah-asing', 'html_url': 'https://github.com/noah-asing', 'followers_url': 'https://api.github.com/users/noah-asing/followers', 'following_url': 'https://api.github.com/users/noah-asing/following{/other_user}', 'gists_url': 'https://api.github.com/users/noah-asing/gists{/gist_id}', 'starred_url': 'https://api.github.com/users/noah-asing/starred{/owner}{/repo}', 'subscriptions_url': 'https://api.github.com/users/noah-asing/subscriptions', 'organizations_url': 'https://api.github.com/users/noah-asing/orgs', 'repos_url': 'https://api.github.com/users/noah-asing/repos', 'events_url': 'https://api.github.com/users/noah-asing/events{/privacy}', 'received_events_url': 'https://api.github.com/users/noah-asing/received_events', 'type': 'User', 'site_admin': False}"
3,"{'login': 'jrmylow', 'id': 33999325, 'node_id': 'MDQ6VXNlcjMzOTk5MzI1', 'avatar_url': 'https://avatars.githubusercontent.com/u/33999325?v=4', 'gravatar_id': '', 'url': 'https://api.github.com/users/jrmylow', 'html_url': 'https://github.com/jrmylow', 'followers_url': 'https://api.github.com/users/jrmylow/followers', 'following_url': 'https://api.github.com/users/jrmylow/following{/other_user}', 'gists_url': 'https://api.github.com/users/jrmylow/gists{/gist_id}', 'starred_url': 'https://api.github.com/users/jrmylow/starred{/owner}{/repo}', 'subscriptions_url': 'https://api.github.com/users/jrmylow/subscriptions', 'organizations_url': 'https://api.github.com/users/jrmylow/orgs', 'repos_url': 'https://api.github.com/users/jrmylow/repos', 'events_url': 'https://api.github.com/users/jrmylow/events{/privacy}', 'received_events_url': 'https://api.github.com/users/jrmylow/received_events', 'type': 'User', 'site_admin': False}"
4,"{'login': 'phofl', 'id': 61934744, 'node_id': 'MDQ6VXNlcjYxOTM0NzQ0', 'avatar_url': 'https://avatars.githubusercontent.com/u/61934744?v=4', 'gravatar_id': '', 'url': 'https://api.github.com/users/phofl', 'html_url': 'https://github.com/phofl', 'followers_url': 'https://api.github.com/users/phofl/followers', 'following_url': 'https://api.github.com/users/phofl/following{/other_user}', 'gists_url': 'https://api.github.com/users/phofl/gists{/gist_id}', 'starred_url': 'https://api.github.com/users/phofl/starred{/owner}{/repo}', 'subscriptions_url': 'https://api.github.com/users/phofl/subscriptions', 'organizations_url': 'https://api.github.com/users/phofl/orgs', 'repos_url': 'https://api.github.com/users/phofl/repos', 'events_url': 'https://api.github.com/users/phofl/events{/privacy}', 'received_events_url': 'https://api.github.com/users/phofl/received_events', 'type': 'User', 'site_admin': False}"
5,"{'login': 'mroeschke', 'id': 10647082, 'node_id': 'MDQ6VXNlcjEwNjQ3MDgy', 'avatar_url': 'https://avatars.githubusercontent.com/u/10647082?v=4', 'gravatar_id': '', 'url': 'https://api.github.com/users/mroeschke', 'html_url': 'https://github.com/mroeschke', 'followers_url': 'https://api.github.com/users/mroeschke/followers', 'following_url': 'https://api.github.com/users/mroeschke/following{/other_user}', 'gists_url': 'https://api.github.com/users/mroeschke/gists{/gist_id}', 'starred_url': 'https://api.github.com/users/mroeschke/starred{/owner}{/repo}', 'subscriptions_url': 'https://api.github.com/users/mroeschke/subscriptions', 'organizations_url': 'https://api.github.com/users/mroeschke/orgs', 'repos_url': 'https://api.github.com/users/mroeschke/repos', 'events_url': 'https://api.github.com/users/mroeschke/events{/privacy}', 'received_events_url': 'https://api.github.com/users/mroeschke/received_events', 'type': 'User', 'site_admin': False}"
6,"{'login': 'koushik-rout-samsung', 'id': 146946876, 'node_id': 'U_kgDOCMI7PA', 'avatar_url': 'https://avatars.githubusercontent.com/u/146946876?v=4', 'gravatar_id': '', 'url': 'https://api.github.com/users/koushik-rout-samsung', 'html_url': 'https://github.com/koushik-rout-samsung', 'followers_url': 'https://api.github.com/users/koushik-rout-samsung/followers', 'following_url': 'https://api.github.com/users/koushik-rout-samsung/following{/other_user}', 'gists_url': 'https://api.github.com/users/koushik-rout-samsung/gists{/gist_id}', 'starred_url': 'https://api.github.com/users/koushik-rout-samsung/starred{/owner}{/repo}', 'subscriptions_url': 'https://api.github.com/users/koushik-rout-samsung/subscriptions', 'organizations_url': 'https://api.github.com/users/koushik-rout-samsung/orgs', 'repos_url': 'https://api.github.com/users/koushik-rout-samsung/repos', 'events_url': 'https://api.github.com/users/koushik-rout-samsung/events{/privacy}', 'received_events_url': 'https://api.github.com/users/koushik-rout-samsung/received_events', 'type': 'User', 'site_admin': False}"
7,"{'login': 'LakshmanKishore', 'id': 61258323, 'node_id': 'MDQ6VXNlcjYxMjU4MzIz', 'avatar_url': 'https://avatars.githubusercontent.com/u/61258323?v=4', 'gravatar_id': '', 'url': 'https://api.github.com/users/LakshmanKishore', 'html_url': 'https://github.com/LakshmanKishore', 'followers_url': 'https://api.github.com/users/LakshmanKishore/followers', 'following_url': 'https://api.github.com/users/LakshmanKishore/following{/other_user}', 'gists_url': 'https://api.github.com/users/LakshmanKishore/gists{/gist_id}', 'starred_url': 'https://api.github.com/users/LakshmanKishore/starred{/owner}{/repo}', 'subscriptions_url': 'https://api.github.com/users/LakshmanKishore/subscriptions', 'organizations_url': 'https://api.github.com/users/LakshmanKishore/orgs', 'repos_url': 'https://api.github.com/users/LakshmanKishore/repos', 'events_url': 'https://api.github.com/users/LakshmanKishore/events{/privacy}', 'received_events_url': 'https://api.github.com/users/LakshmanKishore/received_events', 'type': 'User', 'site_admin': False}"
8,"{'login': 'Jorewin', 'id': 56088851, 'node_id': 'MDQ6VXNlcjU2MDg4ODUx', 'avatar_url': 'https://avatars.githubusercontent.com/u/56088851?v=4', 'gravatar_id': '', 'url': 'https://api.github.com/users/Jorewin', 'html_url': 'https://github.com/Jorewin', 'followers_url': 'https://api.github.com/users/Jorewin/followers', 'following_url': 'https://api.github.com/users/Jorewin/following{/other_user}', 'gists_url': 'https://api.github.com/users/Jorewin/gists{/gist_id}', 'starred_url': 'https://api.github.com/users/Jorewin/starred{/owner}{/repo}', 'subscriptions_url': 'https://api.github.com/users/Jorewin/subscriptions', 'organizations_url': 'https://api.github.com/users/Jorewin/orgs', 'repos_url': 'https://api.github.com/users/Jorewin/repos', 'events_url': 'https://api.github.com/users/Jorewin/events{/privacy}', 'received_events_url': 'https://api.github.com/users/Jorewin/received_events', 'type': 'User', 'site_admin': False}"
9,"{'login': 'gsehrlich', 'id': 11000354, 'node_id': 'MDQ6VXNlcjExMDAwMzU0', 'avatar_url': 'https://avatars.githubusercontent.com/u/11000354?v=4', 'gravatar_id': '', 'url': 'https://api.github.com/users/gsehrlich', 'html_url': 'https://github.com/gsehrlich', 'followers_url': 'https://api.github.com/users/gsehrlich/followers', 'following_url': 'https://api.github.com/users/gsehrlich/following{/other_user}', 'gists_url': 'https://api.github.com/users/gsehrlich/gists{/gist_id}', 'starred_url': 'https://api.github.com/users/gsehrlich/starred{/owner}{/repo}', 'subscriptions_url': 'https://api.github.com/users/gsehrlich/subscriptions', 'organizations_url': 'https://api.github.com/users/gsehrlich/orgs', 'repos_url': 'https://api.github.com/users/gsehrlich/repos', 'events_url': 'https://api.github.com/users/gsehrlich/events{/privacy}', 'received_events_url': 'https://api.github.com/users/gsehrlich/received_events', 'type': 'User', 'site_admin': False}"
10,"{'login': 'khider', 'id': 11758571, 'node_id': 'MDQ6VXNlcjExNzU4NTcx', 'avatar_url': 'https://avatars.githubusercontent.com/u/11758571?v=4', 'gravatar_id': '', 'url': 'https://api.github.com/users/khider', 'html_url': 'https://github.com/khider', 'followers_url': 'https://api.github.com/users/khider/followers', 'following_url': 'https://api.github.com/users/khider/following{/other_user}', 'gists_url': 'https://api.github.com/users/khider/gists{/gist_id}', 'starred_url': 'https://api.github.com/users/khider/starred{/owner}{/repo}', 'subscriptions_url': 'https://api.github.com/users/khider/subscriptions', 'organizations_url': 'https://api.github.com/users/khider/orgs', 'repos_url': 'https://api.github.com/users/khider/repos', 'events_url': 'https://api.github.com/users/khider/events{/privacy}', 'received_events_url': 'https://api.github.com/users/khider/received_events', 'type': 'User', 'site_admin': False}"
11,"{'login': 'michaelquinn32', 'id': 3473921, 'node_id': 'MDQ6VXNlcjM0NzM5MjE=', 'avatar_url': 'https://avatars.githubusercontent.com/u/3473921?v=4', 'gravatar_id': '', 'url': 'https://api.github.com/users/michaelquinn32', 'html_url': 'https://github.com/michaelquinn32', 'followers_url': 'https://api.github.com/users/michaelquinn32/followers', 'following_url': 'https://api.github.com/users/michaelquinn32/following{/other_user}', 'gists_url': 'https://api.github.com/users/michaelquinn32/gists{/gist_id}', 'starred_url': 'https://api.github.com/users/michaelquinn32/starred{/owner}{/repo}', 'subscriptions_url': 'https://api.github.com/users/michaelquinn32/subscriptions', 'organizations_url': 'https://api.github.com/users/michaelquinn32/orgs', 'repos_url': 'https://api.github.com/users/michaelquinn32/repos', 'events_url': 'https://api.github.com/users/michaelquinn32/events{/privacy}', 'received_events_url': 'https://api.github.com/users/michaelquinn32/received_events', 'type': 'User', 'site_admin': False}"
12,"{'login': 'sfc-gh-aalam', 'id': 107440467, 'node_id': 'U_kgDOBmdpUw', 'avatar_url': 'https://avatars.githubusercontent.com/u/107440467?v=4', 'gravatar_id': '', 'url': 'https://api.github.com/users/sfc-gh-aalam', 'html_url': 'https://github.com/sfc-gh-aalam', 'followers_url': 'https://api.github.com/users/sfc-gh-aalam/followers', 'following_url': 'https://api.github.com/users/sfc-gh-aalam/following{/other_user}', 'gists_url': 'https://api.github.com/users/sfc-gh-aalam/gists{/gist_id}', 'starred_url': 'https://api.github.com/users/sfc-gh-aalam/starred{/owner}{/repo}', 'subscriptions_url': 'https://api.github.com/users/sfc-gh-aalam/subscriptions', 'organizations_url': 'https://api.github.com/users/sfc-gh-aalam/orgs', 'repos_url': 'https://api.github.com/users/sfc-gh-aalam/repos', 'events_url': 'https://api.github.com/users/sfc-gh-aalam/events{/privacy}', 'received_events_url': 'https://api.github.com/users/sfc-gh-aalam/received_events', 'type': 'User', 'site_admin': False}"
13,"{'login': 'phofl', 'id': 61934744, 'node_id': 'MDQ6VXNlcjYxOTM0NzQ0', 'avatar_url': 'https://avatars.githubusercontent.com/u/61934744?v=4', 'gravatar_id': '', 'url': 'https://api.github.com/users/phofl', 'html_url': 'https://github.com/phofl', 'followers_url': 'https://api.github.com/users/phofl/followers', 'following_url': 'https://api.github.com/users/phofl/following{/other_user}', 'gists_url': 'https://api.github.com/users/phofl/gists{/gist_id}', 'starred_url': 'https://api.github.com/users/phofl/starred{/owner}{/repo}', 'subscriptions_url': 'https://api.github.com/users/phofl/subscriptions', 'organizations_url': 'https://api.github.com/users/phofl/orgs', 'repos_url': 'https://api.github.com/users/phofl/repos', 'events_url': 'https://api.github.com/users/phofl/events{/privacy}', 'received_events_url': 'https://api.github.com/users/phofl/received_events', 'type': 'User', 'site_admin': False}"
14,"{'login': 'mroeschke', 'id': 10647082, 'node_id': 'MDQ6VXNlcjEwNjQ3MDgy', 'avatar_url': 'https://avatars.githubusercontent.com/u/10647082?v=4', 'gravatar_id': '', 'url': 'https://api.github.com/users/mroeschke', 'html_url': 'https://github.com/mroeschke', 'followers_url': 'https://api.github.com/users/mroeschke/followers', 'following_url': 'https://api.github.com/users/mroeschke/following{/other_user}', 'gists_url': 'https://api.github.com/users/mroeschke/gists{/gist_id}', 'starred_url': 'https://api.github.com/users/mroeschke/starred{/owner}{/repo}', 'subscriptions_url': 'https://api.github.com/users/mroeschke/subscriptions', 'organizations_url': 'https://api.github.com/users/mroeschke/orgs', 'repos_url': 'https://api.github.com/users/mroeschke/repos', 'events_url': 'https://api.github.com/users/mroeschke/events{/privacy}', 'received_events_url': 'https://api.github.com/users/mroeschke/received_events', 'type': 'User', 'site_admin': False}"
15,"{'login': 'steppi', 'id': 1953382, 'node_id': 'MDQ6VXNlcjE5NTMzODI=', 'avatar_url': 'https://avatars.githubusercontent.com/u/1953382?v=4', 'gravatar_id': '', 'url': 'https://api.github.com/users/steppi', 'html_url': 'https://github.com/steppi', 'followers_url': 'https://api.github.com/users/steppi/followers', 'following_url': 'https://api.github.com/users/steppi/following{/other_user}', 'gists_url': 'https://api.github.com/users/steppi/gists{/gist_id}', 'starred_url': 'https://api.github.com/users/steppi/starred{/owner}{/repo}', 'subscriptions_url': 'https://api.github.com/users/steppi/subscriptions', 'organizations_url': 'https://api.github.com/users/steppi/orgs', 'repos_url': 'https://api.github.com/users/steppi/repos', 'events_url': 'https://api.github.com/users/steppi/events{/privacy}', 'received_events_url': 'https://api.github.com/users/steppi/received_events', 'type': 'User', 'site_admin': False}"
16,"{'login': 'celestinoxp', 'id': 41735311, 'node_id': 'MDQ6VXNlcjQxNzM1MzEx', 'avatar_url': 'https://avatars.githubusercontent.com/u/41735311?v=4', 'gravatar_id': '', 'url': 'https://api.github.com/users/celestinoxp', 'html_url': 'https://github.com/celestinoxp', 'followers_url': 'https://api.github.com/users/celestinoxp/followers', 'following_url': 'https://api.github.com/users/celestinoxp/following{/other_user}', 'gists_url': 'https://api.github.com/users/celestinoxp/gists{/gist_id}', 'starred_url': 'https://api.github.com/users/celestinoxp/starred{/owner}{/repo}', 'subscriptions_url': 'https://api.github.com/users/celestinoxp/subscriptions', 'organizations_url': 'https://api.github.com/users/celestinoxp/orgs', 'repos_url': 'https://api.github.com/users/celestinoxp/repos', 'events_url': 'https://api.github.com/users/celestinoxp/events{/privacy}', 'received_events_url': 'https://api.github.com/users/celestinoxp/received_events', 'type': 'User', 'site_admin': False}"
17,"{'login': 'damianr13', 'id': 7912289, 'node_id': 'MDQ6VXNlcjc5MTIyODk=', 'avatar_url': 'https://avatars.githubusercontent.com/u/7912289?v=4', 'gravatar_id': '', 'url': 'https://api.github.com/users/damianr13', 'html_url': 'https://github.com/damianr13', 'followers_url': 'https://api.github.com/users/damianr13/followers', 'following_url': 'https://api.github.com/users/damianr13/following{/other_user}', 'gists_url': 'https://api.github.com/users/damianr13/gists{/gist_id}', 'starred_url': 'https://api.github.com/users/damianr13/starred{/owner}{/repo}', 'subscriptions_url': 'https://api.github.com/users/damianr13/subscriptions', 'organizations_url': 'https://api.github.com/users/damianr13/orgs', 'repos_url': 'https://api.github.com/users/damianr13/repos', 'events_url': 'https://api.github.com/users/damianr13/events{/privacy}', 'received_events_url': 'https://api.github.com/users/damianr13/received_events', 'type': 'User', 'site_admin': False}"
18,"{'login': 'yuanx749', 'id': 47032563, 'node_id': 'MDQ6VXNlcjQ3MDMyNTYz', 'avatar_url': 'https://avatars.githubusercontent.com/u/47032563?v=4', 'gravatar_id': '', 'url': 'https://api.github.com/users/yuanx749', 'html_url': 'https://github.com/yuanx749', 'followers_url': 'https://api.github.com/users/yuanx749/followers', 'following_url': 'https://api.github.com/users/yuanx749/following{/other_user}', 'gists_url': 'https://api.github.com/users/yuanx749/gists{/gist_id}', 'starred_url': 'https://api.github.com/users/yuanx749/starred{/owner}{/repo}', 'subscriptions_url': 'https://api.github.com/users/yuanx749/subscriptions', 'organizations_url': 'https://api.github.com/users/yuanx749/orgs', 'repos_url': 'https://api.github.com/users/yuanx749/repos', 'events_url': 'https://api.github.com/users/yuanx749/events{/privacy}', 'received_events_url': 'https://api.github.com/users/yuanx749/received_events', 'type': 'User', 'site_admin': False}"
19,"{'login': 'maread99', 'id': 56914820, 'node_id': 'MDQ6VXNlcjU2OTE0ODIw', 'avatar_url': 'https://avatars.githubusercontent.com/u/56914820?v=4', 'gravatar_id': '', 'url': 'https://api.github.com/users/maread99', 'html_url': 'https://github.com/maread99', 'followers_url': 'https://api.github.com/users/maread99/followers', 'following_url': 'https://api.github.com/users/maread99/following{/other_user}', 'gists_url': 'https://api.github.com/users/maread99/gists{/gist_id}', 'starred_url': 'https://api.github.com/users/maread99/starred{/owner}{/repo}', 'subscriptions_url': 'https://api.github.com/users/maread99/subscriptions', 'organizations_url': 'https://api.github.com/users/maread99/orgs', 'repos_url': 'https://api.github.com/users/maread99/repos', 'events_url': 'https://api.github.com/users/maread99/events{/privacy}', 'received_events_url': 'https://api.github.com/users/maread99/received_events', 'type': 'User', 'site_admin': False}"
20,"{'login': 'PaleNeutron', 'id': 8296331, 'node_id': 'MDQ6VXNlcjgyOTYzMzE=', 'avatar_url': 'https://avatars.githubusercontent.com/u/8296331?v=4', 'gravatar_id': '', 'url': 'https://api.github.com/users/PaleNeutron', 'html_url': 'https://github.com/PaleNeutron', 'followers_url': 'https://api.github.com/users/PaleNeutron/followers', 'following_url': 'https://api.github.com/users/PaleNeutron/following{/other_user}', 'gists_url': 'https://api.github.com/users/PaleNeutron/gists{/gist_id}', 'starred_url': 'https://api.github.com/users/PaleNeutron/starred{/owner}{/repo}', 'subscriptions_url': 'https://api.github.com/users/PaleNeutron/subscriptions', 'organizations_url': 'https://api.github.com/users/PaleNeutron/orgs', 'repos_url': 'https://api.github.com/users/PaleNeutron/repos', 'events_url': 'https://api.github.com/users/PaleNeutron/events{/privacy}', 'received_events_url': 'https://api.github.com/users/PaleNeutron/received_events', 'type': 'User', 'site_admin': False}"
21,"{'login': 'weltenseglr', 'id': 19477864, 'node_id': 'MDQ6VXNlcjE5NDc3ODY0', 'avatar_url': 'https://avatars.githubusercontent.com/u/19477864?v=4', 'gravatar_id': '', 'url': 'https://api.github.com/users/weltenseglr', 'html_url': 'https://github.com/weltenseglr', 'followers_url': 'https://api.github.com/users/weltenseglr/followers', 'following_url': 'https://api.github.com/users/weltenseglr/following{/other_user}', 'gists_url': 'https://api.github.com/users/weltenseglr/gists{/gist_id}', 'starred_url': 'https://api.github.com/users/weltenseglr/starred{/owner}{/repo}', 'subscriptions_url': 'https://api.github.com/users/weltenseglr/subscriptions', 'organizations_url': 'https://api.github.com/users/weltenseglr/orgs', 'repos_url': 'https://api.github.com/users/weltenseglr/repos', 'events_url': 'https://api.github.com/users/weltenseglr/events{/privacy}', 'received_events_url': 'https://api.github.com/users/weltenseglr/received_events', 'type': 'User', 'site_admin': False}"
22,"{'login': 'wjandrea', 'id': 22385371, 'node_id': 'MDQ6VXNlcjIyMzg1Mzcx', 'avatar_url': 'https://avatars.githubusercontent.com/u/22385371?v=4', 'gravatar_id': '', 'url': 'https://api.github.com/users/wjandrea', 'html_url': 'https://github.com/wjandrea', 'followers_url': 'https://api.github.com/users/wjandrea/followers', 'following_url': 'https://api.github.com/users/wjandrea/following{/other_user}', 'gists_url': 'https://api.github.com/users/wjandrea/gists{/gist_id}', 'starred_url': 'https://api.github.com/users/wjandrea/starred{/owner}{/repo}', 'subscriptions_url': 'https://api.github.com/users/wjandrea/subscriptions', 'organizations_url': 'https://api.github.com/users/wjandrea/orgs', 'repos_url': 'https://api.github.com/users/wjandrea/repos', 'events_url': 'https://api.github.com/users/wjandrea/events{/privacy}', 'received_events_url': 'https://api.github.com/users/wjandrea/received_events', 'type': 'User', 'site_admin': False}"
23,"{'login': 'tqa236', 'id': 25203655, 'node_id': 'MDQ6VXNlcjI1MjAzNjU1', 'avatar_url': 'https://avatars.githubusercontent.com/u/25203655?v=4', 'gravatar_id': '', 'url': 'https://api.github.com/users/tqa236', 'html_url': 'https://github.com/tqa236', 'followers_url': 'https://api.github.com/users/tqa236/followers', 'following_url': 'https://api.github.com/users/tqa236/following{/other_user}', 'gists_url': 'https://api.github.com/users/tqa236/gists{/gist_id}', 'starred_url': 'https://api.github.com/users/tqa236/starred{/owner}{/repo}', 'subscriptions_url': 'https://api.github.com/users/tqa236/subscriptions', 'organizations_url': 'https://api.github.com/users/tqa236/orgs', 'repos_url': 'https://api.github.com/users/tqa236/repos', 'events_url': 'https://api.github.com/users/tqa236/events{/privacy}', 'received_events_url': 'https://api.github.com/users/tqa236/received_events', 'type': 'User', 'site_admin': False}"
24,"{'login': 'tqa236', 'id': 25203655, 'node_id': 'MDQ6VXNlcjI1MjAzNjU1', 'avatar_url': 'https://avatars.githubusercontent.com/u/25203655?v=4', 'gravatar_id': '', 'url': 'https://api.github.com/users/tqa236', 'html_url': 'https://github.com/tqa236', 'followers_url': 'https://api.github.com/users/tqa236/followers', 'following_url': 'https://api.github.com/users/tqa236/following{/other_user}', 'gists_url': 'https://api.github.com/users/tqa236/gists{/gist_id}', 'starred_url': 'https://api.github.com/users/tqa236/starred{/owner}{/repo}', 'subscriptions_url': 'https://api.github.com/users/tqa236/subscriptions', 'organizations_url': 'https://api.github.com/users/tqa236/orgs', 'repos_url': 'https://api.github.com/users/tqa236/repos', 'events_url': 'https://api.github.com/users/tqa236/events{/privacy}', 'received_events_url': 'https://api.github.com/users/tqa236/received_events', 'type': 'User', 'site_admin': False}"
25,"{'login': 'bebach', 'id': 145982645, 'node_id': 'U_kgDOCLOEtQ', 'avatar_url': 'https://avatars.githubusercontent.com/u/145982645?v=4', 'gravatar_id': '', 'url': 'https://api.github.com/users/bebach', 'html_url': 'https://github.com/bebach', 'followers_url': 'https://api.github.com/users/bebach/followers', 'following_url': 'https://api.github.com/users/bebach/following{/other_user}', 'gists_url': 'https://api.github.com/users/bebach/gists{/gist_id}', 'starred_url': 'https://api.github.com/users/bebach/starred{/owner}{/repo}', 'subscriptions_url': 'https://api.github.com/users/bebach/subscriptions', 'organizations_url': 'https://api.github.com/users/bebach/orgs', 'repos_url': 'https://api.github.com/users/bebach/repos', 'events_url': 'https://api.github.com/users/bebach/events{/privacy}', 'received_events_url': 'https://api.github.com/users/bebach/received_events', 'type': 'User', 'site_admin': False}"
26,"{'login': 'enryH', 'id': 2833836, 'node_id': 'MDQ6VXNlcjI4MzM4MzY=', 'avatar_url': 'https://avatars.githubusercontent.com/u/2833836?v=4', 'gravatar_id': '', 'url': 'https://api.github.com/users/enryH', 'html_url': 'https://github.com/enryH', 'followers_url': 'https://api.github.com/users/enryH/followers', 'following_url': 'https://api.github.com/users/enryH/following{/other_user}', 'gists_url': 'https://api.github.com/users/enryH/gists{/gist_id}', 'starred_url': 'https://api.github.com/users/enryH/starred{/owner}{/repo}', 'subscriptions_url': 'https://api.github.com/users/enryH/subscriptions', 'organizations_url': 'https://api.github.com/users/enryH/orgs', 'repos_url': 'https://api.github.com/users/enryH/repos', 'events_url': 'https://api.github.com/users/enryH/events{/privacy}', 'received_events_url': 'https://api.github.com/users/enryH/received_events', 'type': 'User', 'site_admin': False}"
27,"{'login': 'mtsokol', 'id': 8431159, 'node_id': 'MDQ6VXNlcjg0MzExNTk=', 'avatar_url': 'https://avatars.githubusercontent.com/u/8431159?v=4', 'gravatar_id': '', 'url': 'https://api.github.com/users/mtsokol', 'html_url': 'https://github.com/mtsokol', 'followers_url': 'https://api.github.com/users/mtsokol/followers', 'following_url': 'https://api.github.com/users/mtsokol/following{/other_user}', 'gists_url': 'https://api.github.com/users/mtsokol/gists{/gist_id}', 'starred_url': 'https://api.github.com/users/mtsokol/starred{/owner}{/repo}', 'subscriptions_url': 'https://api.github.com/users/mtsokol/subscriptions', 'organizations_url': 'https://api.github.com/users/mtsokol/orgs', 'repos_url': 'https://api.github.com/users/mtsokol/repos', 'events_url': 'https://api.github.com/users/mtsokol/events{/privacy}', 'received_events_url': 'https://api.github.com/users/mtsokol/received_events', 'type': 'User', 'site_admin': False}"
28,"{'login': 'MarcoGorelli', 'id': 33491632, 'node_id': 'MDQ6VXNlcjMzNDkxNjMy', 'avatar_url': 'https://avatars.githubusercontent.com/u/33491632?v=4', 'gravatar_id': '', 'url': 'https://api.github.com/users/MarcoGorelli', 'html_url': 'https://github.com/MarcoGorelli', 'followers_url': 'https://api.github.com/users/MarcoGorelli/followers', 'following_url': 'https://api.github.com/users/MarcoGorelli/following{/other_user}', 'gists_url': 'https://api.github.com/users/MarcoGorelli/gists{/gist_id}', 'starred_url': 'https://api.github.com/users/MarcoGorelli/starred{/owner}{/repo}', 'subscriptions_url': 'https://api.github.com/users/MarcoGorelli/subscriptions', 'organizations_url': 'https://api.github.com/users/MarcoGorelli/orgs', 'repos_url': 'https://api.github.com/users/MarcoGorelli/repos', 'events_url': 'https://api.github.com/users/MarcoGorelli/events{/privacy}', 'received_events_url': 'https://api.github.com/users/MarcoGorelli/received_events', 'type': 'User', 'site_admin': False}"
29,"{'login': 'lukemanley', 'id': 8519523, 'node_id': 'MDQ6VXNlcjg1MTk1MjM=', 'avatar_url': 'https://avatars.githubusercontent.com/u/8519523?v=4', 'gravatar_id': '', 'url': 'https://api.github.com/users/lukemanley', 'html_url': 'https://github.com/lukemanley', 'followers_url': 'https://api.github.com/users/lukemanley/followers', 'following_url': 'https://api.github.com/users/lukemanley/following{/other_user}', 'gists_url': 'https://api.github.com/users/lukemanley/gists{/gist_id}', 'starred_url': 'https://api.github.com/users/lukemanley/starred{/owner}{/repo}', 'subscriptions_url': 'https://api.github.com/users/lukemanley/subscriptions', 'organizations_url': 'https://api.github.com/users/lukemanley/orgs', 'repos_url': 'https://api.github.com/users/lukemanley/repos', 'events_url': 'https://api.github.com/users/lukemanley/events{/privacy}', 'received_events_url': 'https://api.github.com/users/lukemanley/received_events', 'type': 'User', 'site_admin': False}"
